{
  "segments": 7,
  "durs": [
    2.029824520538495,
    22.48365962877295,
    24.847322834558522,
    17.021972706333408,
    20.6508887118312,
    18.01794277022226,
    2.4443888277431483
  ],
  "labels": [
    "一分钟带你了解AI圈的新鲜事。",
    "先说OpenAI风光的一面。新模型G",
    "再看它挨告的一面。纽约时报牵头的一批",
    "安全圈这边又敲了一次警钟。GitHu",
    "论文这边，先说明两篇都是预印本。第一",
    "另一篇给训练模型这行泼了盆清醒水。训",
    "我是柿子树下的猫wanjeans，我"
  ]
}