{
  "segments": 7,
  "durs": [
    1.8302930576891687,
    25.92076956924126,
    19.550310698827538,
    16.449398462376944,
    18.60725935488456,
    21.13044137234234,
    2.44752748463819
  ],
  "labels": [
    "一分钟带你了解AI圈的新鲜事。",
    "先说创作圈的乱仗。AO3 是国外最大",
    "再看公司账本。据 404 Media",
    "Google 这边交出了一份电费单。",
    "论文这边，有人发现 AI 的记忆越好",
    "另一篇论文说，AI 看图出错，常常是",
    "我是柿子树下的猫wanjeans，我"
  ]
}