{
  "segments": 7,
  "durs": [
    1.8580411005554214,
    20.15621801488603,
    13.523716871131233,
    9.47080788173468,
    13.758911947150905,
    12.324221983430897,
    3.7160822011108428
  ],
  "labels": [
    "一分钟带你了解AI圈的新鲜事。",
    "算力的战场今天被搬上了天。Space",
    "地面这边，AI 代笔正把法庭拖下水。",
    "苹果则在用价格圈生态。它宣布首次下载",
    "论文方面，先看视频编辑。CoVE B",
    "另一篇 MemoPilot 换了思路",
    "以上就是今天的两条线索，我是柿子树下"
  ]
}