{
  "segments": 7,
  "durs": [
    2.1063600199401793,
    30.349005415353936,
    19.194008374875374,
    17.83019049690927,
    25.233476470588233,
    23.196100430309073,
    2.714858792023928
  ],
  "labels": [
    "一分钟带你了解AI圈的新鲜事。",
    "先说国内用户都关心的事。国家今年出了",
    "再看美国马路上。特斯拉的无人出租车开",
    "模型市场也变天了。OpenRoute",
    "论文这边，有人把编译这件事搬到了大模",
    "另一篇论文管的是 AI 的记忆卫生。",
    "我是柿子树下的猫wanjeans，我"
  ]
}