{
  "segments": 7,
  "durs": [
    1.9717232834385223,
    29.74819961597779,
    24.60116303512661,
    20.129668792662567,
    25.055732333840893,
    22.550617571102308,
    2.398895367851321
  ],
  "labels": [
    "一分钟带你了解AI圈的新鲜事。",
    "先说件动摇大厂钱袋子的事。你每让AI",
    "再看AI当管理员翻车的事。海外聊天软",
    "再挤一条旧闻的水分。前阵子有消息说，",
    "论文这边，先说明一句，今天两篇都是预",
    "另一篇琢磨的是让AI替人操作电脑和手",
    "我是柿子树下的猫wanjeans，我"
  ]
}