{
  "segments": 7,
  "durs": [
    1.8854639704312113,
    25.70773583901437,
    13.10145708418891,
    11.029236645585215,
    11.157644668583162,
    11.049343421765913,
    3.541118370431211
  ],
  "labels": [
    "一分钟带你了解AI圈的新鲜事。",
    "今天的主线是\"AI 的边界由谁来定\"",
    "法律这边，平台的\"避风港\"第一次被掀",
    "科研这边给出另一种用法。天体物理学家",
    "论文方面，先看效率。DeepSeek",
    "另一篇 Mirage 把视频世界模型",
    "以上就是今天的两条线索，我是柿子树下"
  ]
}