{
  "segments": 7,
  "durs": [
    1.7536432701758824,
    31.296499899462848,
    26.70837022269364,
    24.755718129196268,
    27.284460328848418,
    22.523079765985994,
    2.5982283836369287
  ],
  "labels": [
    "一分钟带你了解AI圈的新鲜事。",
    "先说一件左右手互搏的事。AI写代码这",
    "再看一笔转嫁到工厂头上的电费。据报道",
    "再说一个新冒头的安全隐患。研究人员发",
    "论文这边，先说明今天两篇都是预印本，",
    "另一篇给机器人立了把新尺子。教机器人",
    "我是柿子树下的猫wanjeans，我"
  ]
}