{
  "segments": 7,
  "durs": [
    1.8758156700414794,
    29.792587717460368,
    19.64063283910773,
    20.73673571573051,
    19.01650695939248,
    15.525575814142242,
    2.7081452841251936
  ],
  "labels": [
    "一分钟带你了解AI圈的新鲜事。",
    "先说一笔算得很细的账。资深程序员西蒙",
    "再看你手机里的开关。Google悄悄",
    "美国那边，一批有钱人把孩子交给了AI",
    "论文这边，有人琢磨大模型为什么进不了",
    "另一篇论文对付的是AI忘不干净的毛病",
    "我是柿子树下的猫wanjeans，我"
  ]
}