{
  "segments": 7,
  "durs": [
    1.9004240945133675,
    22.486804983595466,
    15.259474542421211,
    13.416044133186576,
    18.23036426652643,
    16.05599734656443,
    2.6988906331925215
  ],
  "labels": [
    "一分钟带你了解AI圈的新鲜事。",
    "Claude Fable 5 的高光",
    "agent 主动性的代价，已经变成真",
    "安全和监管压力也在升温。Google",
    "论文这边，Arbor 把自主科研拆成",
    "RACES 则把训练环境变成乐高。可",
    "我是柿子树下的猫wanjeans，我"
  ]
}