{
  "segments": 7,
  "durs": [
    1.691619016339479,
    22.79605838027794,
    18.186815956279077,
    14.653318606287183,
    15.049699075475901,
    14.480196697915938,
    6.286292267424499
  ],
  "labels": [
    "一分钟带你了解AI圈的新鲜事。",
    "今天的主线，是 AI 狂热被资本市场",
    "把镜头从交易所拉回工位，现实是另一幅",
    "暗面也跟着浮出水面。微软一口气下架数",
    "论文这边，先看怎么降本。一篇叫\"每条",
    "另一篇则给火热的世界模型泼了盆冷水。",
    "狂热与现实之间，隔着六点四小时的收尾"
  ]
}